LineId,Date,Time,Pid,Level,Component,Content,EventId,EventTemplate,ParameterList
1,081109,203615,148,INFO,dfs.DataNode$PacketResponder,PacketResponder 1 for block blk_38865049064139660 terminating,dc2c74b7,PacketResponder <*> for block <*> terminating,"['1', 'blk_38865049064139660']"
2,081109,203807,222,INFO,dfs.DataNode$PacketResponder,PacketResponder 0 for block blk_-6952295868487656571 terminating,dc2c74b7,PacketResponder <*> for block <*> terminating,"['0', 'blk_-6952295868487656571']"
3,081109,204005,35,INFO,dfs.FSNamesystem,BLOCK* NameSystem.addStoredBlock: blockMap updated: 10.251.73.220:50010 is added to blk_7128370237687728475 size 67108864,5d5de21c,BLOCK* NameSystem.addStoredBlock: blockMap updated: <*> is added to <*> size <*>,"['10.251.73.220:50010', 'blk_7128370237687728475', '67108864']"
4,081109,204015,308,INFO,dfs.DataNode$PacketResponder,PacketResponder 2 for block blk_8229193803249955061 terminating,dc2c74b7,PacketResponder <*> for block <*> terminating,"['2', 'blk_8229193803249955061']"
5,081109,204106,329,INFO,dfs.DataNode$PacketResponder,PacketResponder 2 for block blk_-6670958622368987959 terminating,dc2c74b7,PacketResponder <*> for block <*> terminating,"['2', 'blk_-6670958622368987959']"
6,081109,204132,26,INFO,dfs.FSNamesystem,BLOCK* NameSystem.addStoredBlock: blockMap updated: 10.251.43.115:50010 is added to blk_3050920587428079149 size 67108864,5d5de21c,BLOCK* NameSystem.addStoredBlock: blockMap updated: <*> is added to <*> size <*>,"['10.251.43.115:50010', 'blk_3050920587428079149', '67108864']"
7,081109,204324,34,INFO,dfs.FSNamesystem,BLOCK* NameSystem.addStoredBlock: blockMap updated: 10.251.203.80:50010 is added to blk_7888946331804732825 size 67108864,5d5de21c,BLOCK* NameSystem.addStoredBlock: blockMap updated: <*> is added to <*> size <*>,"['10.251.203.80:50010', 'blk_7888946331804732825', '67108864']"
8,081109,204453,34,INFO,dfs.FSNamesystem,BLOCK* NameSystem.addStoredBlock: blockMap updated: 10.250.11.85:50010 is added to blk_2377150260128098806 size 67108864,5d5de21c,BLOCK* NameSystem.addStoredBlock: blockMap updated: <*> is added to <*> size <*>,"['10.250.11.85:50010', 'blk_2377150260128098806', '67108864']"
9,081109,204525,512,INFO,dfs.DataNode$PacketResponder,PacketResponder 2 for block blk_572492839287299681 terminating,dc2c74b7,PacketResponder <*> for block <*> terminating,"['2', 'blk_572492839287299681']"
10,081109,204655,556,INFO,dfs.DataNode$PacketResponder,Received block blk_3587508140051953248 of size 67108864 from /10.251.42.84,e3df2680,Received block <*> of size <*> from <*>,"['blk_3587508140051953248', '67108864', '/10.251.42.84']"
11,081109,204722,567,INFO,dfs.DataNode$PacketResponder,Received block blk_5402003568334525940 of size 67108864 from /10.251.214.112,e3df2680,Received block <*> of size <*> from <*>,"['blk_5402003568334525940', '67108864', '/10.251.214.112']"
12,081109,204815,653,INFO,dfs.DataNode$DataXceiver,Receiving block blk_5792489080791696128 src: /10.251.30.6:33145 dest: /10.251.30.6:50010,09a53393,Receiving block <*> src: <*> dest: <*>,"['blk_5792489080791696128', '/10.251.30.6:33145', '/10.251.30.6:50010']"
13,081109,204842,663,INFO,dfs.DataNode$DataXceiver,Receiving block blk_1724757848743533110 src: /10.251.111.130:49851 dest: /10.251.111.130:50010,09a53393,Receiving block <*> src: <*> dest: <*>,"['blk_1724757848743533110', '/10.251.111.130:49851', '/10.251.111.130:50010']"
14,081109,204908,31,INFO,dfs.FSNamesystem,BLOCK* NameSystem.addStoredBlock: blockMap updated: 10.251.110.8:50010 is added to blk_8015913224713045110 size 67108864,5d5de21c,BLOCK* NameSystem.addStoredBlock: blockMap updated: <*> is added to <*> size <*>,"['10.251.110.8:50010', 'blk_8015913224713045110', '67108864']"
15,081109,204925,673,INFO,dfs.DataNode$DataXceiver,Receiving block blk_-5623176793330377570 src: /10.251.75.228:53725 dest: /10.251.75.228:50010,09a53393,Receiving block <*> src: <*> dest: <*>,"['blk_-5623176793330377570', '/10.251.75.228:53725', '/10.251.75.228:50010']"
16,081109,205035,28,INFO,dfs.FSNamesystem,BLOCK* NameSystem.allocateBlock: /user/root/rand/_temporary/_task_200811092030_0001_m_000590_0/part-00590. blk_-1727475099218615100,3d91fa85,BLOCK* NameSystem.allocateBlock: <*> <*>,['/user/root/rand/_temporary/_task_200811092030_0001_m_000590_0/part-00590. blk_-1727475099218615100']
17,081109,205056,710,INFO,dfs.DataNode$PacketResponder,PacketResponder 1 for block blk_5017373558217225674 terminating,dc2c74b7,PacketResponder <*> for block <*> terminating,"['1', 'blk_5017373558217225674']"
18,081109,205157,752,INFO,dfs.DataNode$PacketResponder,Received block blk_9212264480425680329 of size 67108864 from /10.251.123.1,e3df2680,Received block <*> of size <*> from <*>,"['blk_9212264480425680329', '67108864', '/10.251.123.1']"
19,081109,205315,29,INFO,dfs.FSNamesystem,BLOCK* NameSystem.allocateBlock: /user/root/rand/_temporary/_task_200811092030_0001_m_000742_0/part-00742. blk_-7878121102358435702,3d91fa85,BLOCK* NameSystem.allocateBlock: <*> <*>,['/user/root/rand/_temporary/_task_200811092030_0001_m_000742_0/part-00742. blk_-7878121102358435702']
20,081109,205409,28,INFO,dfs.FSNamesystem,BLOCK* NameSystem.addStoredBlock: blockMap updated: 10.251.111.130:50010 is added to blk_4568434182693165548 size 67108864,5d5de21c,BLOCK* NameSystem.addStoredBlock: blockMap updated: <*> is added to <*> size <*>,"['10.251.111.130:50010', 'blk_4568434182693165548', '67108864']"
21,081109,205412,832,INFO,dfs.DataNode$PacketResponder,Received block blk_-5704899712662113150 of size 67108864 from /10.251.91.229,e3df2680,Received block <*> of size <*> from <*>,"['blk_-5704899712662113150', '67108864', '/10.251.91.229']"
22,081109,205632,28,INFO,dfs.FSNamesystem,BLOCK* NameSystem.addStoredBlock: blockMap updated: 10.251.74.79:50010 is added to blk_-4794867979917102672 size 67108864,5d5de21c,BLOCK* NameSystem.addStoredBlock: blockMap updated: <*> is added to <*> size <*>,"['10.251.74.79:50010', 'blk_-4794867979917102672', '67108864']"
23,081109,205739,29,INFO,dfs.FSNamesystem,BLOCK* NameSystem.addStoredBlock: blockMap updated: 10.251.38.197:50010 is added to blk_8763662564934652249 size 67108864,5d5de21c,BLOCK* NameSystem.addStoredBlock: blockMap updated: <*> is added to <*> size <*>,"['10.251.38.197:50010', 'blk_8763662564934652249', '67108864']"
24,081109,205742,1001,INFO,dfs.DataNode$PacketResponder,Received block blk_-5861636720645142679 of size 67108864 from /10.251.70.211,e3df2680,Received block <*> of size <*> from <*>,"['blk_-5861636720645142679', '67108864', '/10.251.70.211']"
25,081109,205746,29,INFO,dfs.FSNamesystem,BLOCK* NameSystem.addStoredBlock: blockMap updated: 10.251.74.134:50010 is added to blk_7453815855294711849 size 67108864,5d5de21c,BLOCK* NameSystem.addStoredBlock: blockMap updated: <*> is added to <*> size <*>,"['10.251.74.134:50010', 'blk_7453815855294711849', '67108864']"
26,081109,205749,997,INFO,dfs.DataNode$DataXceiver,Receiving block blk_-28342503914935090 src: /10.251.123.132:57542 dest: /10.251.123.132:50010,09a53393,Receiving block <*> src: <*> dest: <*>,"['blk_-28342503914935090', '/10.251.123.132:57542', '/10.251.123.132:50010']"
27,081109,205754,952,INFO,dfs.DataNode$PacketResponder,Received block blk_8291449241650212794 of size 67108864 from /10.251.89.155,e3df2680,Received block <*> of size <*> from <*>,"['blk_8291449241650212794', '67108864', '/10.251.89.155']"
28,081109,205858,31,INFO,dfs.FSNamesystem,BLOCK* NameSystem.allocateBlock: /user/root/rand/_temporary/_task_200811092030_0001_m_000487_0/part-00487. blk_-5319073033164653435,3d91fa85,BLOCK* NameSystem.allocateBlock: <*> <*>,['/user/root/rand/_temporary/_task_200811092030_0001_m_000487_0/part-00487. blk_-5319073033164653435']
29,081109,205931,13,INFO,dfs.DataBlockScanner,Verification succeeded for blk_-4980916519894289629,32777b38,Verification succeeded for <*>,['blk_-4980916519894289629']
30,081109,210022,1110,INFO,dfs.DataNode$PacketResponder,Received block blk_-5974833545991408899 of size 67108864 from /10.251.31.180,e3df2680,Received block <*> of size <*> from <*>,"['blk_-5974833545991408899', '67108864', '/10.251.31.180']"
31,081109,210037,1084,INFO,dfs.DataNode$DataXceiver,Receiving block blk_-5009020203888190378 src: /10.251.199.19:52622 dest: /10.251.199.19:50010,09a53393,Receiving block <*> src: <*> dest: <*>,"['blk_-5009020203888190378', '/10.251.199.19:52622', '/10.251.199.19:50010']"
32,081109,210248,1138,INFO,dfs.DataNode$PacketResponder,Received block blk_6921674711959888070 of size 67108864 from /10.251.65.203,e3df2680,Received block <*> of size <*> from <*>,"['blk_6921674711959888070', '67108864', '/10.251.65.203']"
33,081109,210407,33,INFO,dfs.FSNamesystem,BLOCK* NameSystem.addStoredBlock: blockMap updated: 10.250.7.244:50010 is added to blk_5165786360127153975 size 67108864,5d5de21c,BLOCK* NameSystem.addStoredBlock: blockMap updated: <*> is added to <*> size <*>,"['10.250.7.244:50010', 'blk_5165786360127153975', '67108864']"
34,081109,210458,1278,INFO,dfs.DataNode$DataXceiver,Receiving block blk_2937758977269298350 src: /10.251.194.129:37476 dest: /10.251.194.129:50010,09a53393,Receiving block <*> src: <*> dest: <*>,"['blk_2937758977269298350', '/10.251.194.129:37476', '/10.251.194.129:50010']"
35,081109,210551,32,INFO,dfs.FSNamesystem,BLOCK* NameSystem.addStoredBlock: blockMap updated: 10.250.6.191:50010 is added to blk_673825774073966710 size 67108864,5d5de21c,BLOCK* NameSystem.addStoredBlock: blockMap updated: <*> is added to <*> size <*>,"['10.250.6.191:50010', 'blk_673825774073966710', '67108864']"
36,081109,210637,1283,INFO,dfs.DataNode$PacketResponder,Received block blk_-7526945448667194862 of size 67108864 from /10.251.203.80,e3df2680,Received block <*> of size <*> from <*>,"['blk_-7526945448667194862', '67108864', '/10.251.203.80']"
37,081109,210656,1334,INFO,dfs.DataNode$PacketResponder,Received block blk_-2094397855762091248 of size 67108864 from /10.251.126.83,e3df2680,Received block <*> of size <*> from <*>,"['blk_-2094397855762091248', '67108864', '/10.251.126.83']"
38,081109,210712,1333,INFO,dfs.DataNode$PacketResponder,Received block blk_-8523968015014407246 of size 67108864 from /10.251.214.225,e3df2680,Received block <*> of size <*> from <*>,"['blk_-8523968015014407246', '67108864', '/10.251.214.225']"
39,081109,210743,27,INFO,dfs.FSNamesystem,BLOCK* NameSystem.addStoredBlock: blockMap updated: 10.251.89.155:50010 is added to blk_8181993091797661153 size 67108864,5d5de21c,BLOCK* NameSystem.addStoredBlock: blockMap updated: <*> is added to <*> size <*>,"['10.251.89.155:50010', 'blk_8181993091797661153', '67108864']"
40,081109,210801,1357,INFO,dfs.DataNode$DataXceiver,Receiving block blk_-6276023454199613372 src: /10.251.65.237:34085 dest: /10.251.65.237:50010,09a53393,Receiving block <*> src: <*> dest: <*>,"['blk_-6276023454199613372', '/10.251.65.237:34085', '/10.251.65.237:50010']"
41,081109,210807,1408,INFO,dfs.DataNode$PacketResponder,Received block blk_4755566011267050000 of size 67108864 from /10.251.75.79,e3df2680,Received block <*> of size <*> from <*>,"['blk_4755566011267050000', '67108864', '/10.251.75.79']"
42,081109,210812,1395,INFO,dfs.DataNode$PacketResponder,Received block blk_-3909548841543565741 of size 3542967 from /10.251.195.33,e3df2680,Received block <*> of size <*> from <*>,"['blk_-3909548841543565741', '3542967', '/10.251.195.33']"
43,081109,210921,1452,INFO,dfs.DataNode$DataXceiver,Receiving block blk_-6809181994368905854 src: /10.250.17.225:51754 dest: /10.250.17.225:50010,09a53393,Receiving block <*> src: <*> dest: <*>,"['blk_-6809181994368905854', '/10.250.17.225:51754', '/10.250.17.225:50010']"
44,081109,210935,1458,INFO,dfs.DataNode$PacketResponder,Received block blk_8829027411458566099 of size 67108864 from /10.251.38.214,e3df2680,Received block <*> of size <*> from <*>,"['blk_8829027411458566099', '67108864', '/10.251.38.214']"
45,081109,211029,31,INFO,dfs.FSNamesystem,BLOCK* NameSystem.addStoredBlock: blockMap updated: 10.251.106.50:50010 is added to blk_-29548654251973735 size 67108864,5d5de21c,BLOCK* NameSystem.addStoredBlock: blockMap updated: <*> is added to <*> size <*>,"['10.251.106.50:50010', 'blk_-29548654251973735', '67108864']"
46,081109,211038,1490,INFO,dfs.DataNode$PacketResponder,PacketResponder 1 for block blk_-5073870177832699716 terminating,dc2c74b7,PacketResponder <*> for block <*> terminating,"['1', 'blk_-5073870177832699716']"
47,081109,211216,1504,INFO,dfs.DataNode$PacketResponder,Received block blk_-8241093737585222406 of size 67108864 from /10.250.5.161,e3df2680,Received block <*> of size <*> from <*>,"['blk_-8241093737585222406', '67108864', '/10.250.5.161']"
48,081109,211301,29,INFO,dfs.FSNamesystem,BLOCK* NameSystem.addStoredBlock: blockMap updated: 10.251.111.228:50010 is added to blk_-2480595760294717232 size 67108864,5d5de21c,BLOCK* NameSystem.addStoredBlock: blockMap updated: <*> is added to <*> size <*>,"['10.251.111.228:50010', 'blk_-2480595760294717232', '67108864']"
49,081109,211353,1574,INFO,dfs.DataNode$PacketResponder,PacketResponder 0 for block blk_7791237942696729620 terminating,dc2c74b7,PacketResponder <*> for block <*> terminating,"['0', 'blk_7791237942696729620']"
50,081109,211403,31,INFO,dfs.FSNamesystem,BLOCK* NameSystem.addStoredBlock: blockMap updated: 10.251.202.134:50010 is added to blk_2113880130496815041 size 3549917,5d5de21c,BLOCK* NameSystem.addStoredBlock: blockMap updated: <*> is added to <*> size <*>,"['10.251.202.134:50010', 'blk_2113880130496815041', '3549917']"
51,081109,211453,1623,INFO,dfs.DataNode$PacketResponder,Received block blk_1064470652608359218 of size 67108864 from /10.251.39.242,e3df2680,Received block <*> of size <*> from <*>,"['blk_1064470652608359218', '67108864', '/10.251.39.242']"
52,081109,211528,29,INFO,dfs.FSNamesystem,BLOCK* NameSystem.addStoredBlock: blockMap updated: 10.251.110.8:50010 is added to blk_-1661553043410372067 size 67108864,5d5de21c,BLOCK* NameSystem.addStoredBlock: blockMap updated: <*> is added to <*> size <*>,"['10.251.110.8:50010', 'blk_-1661553043410372067', '67108864']"
53,081109,211617,1635,INFO,dfs.DataNode$PacketResponder,PacketResponder 1 for block blk_-1527267659500322006 terminating,dc2c74b7,PacketResponder <*> for block <*> terminating,"['1', 'blk_-1527267659500322006']"
54,081109,211918,1777,INFO,dfs.DataNode$PacketResponder,PacketResponder 1 for block blk_4886940526690879848 terminating,dc2c74b7,PacketResponder <*> for block <*> terminating,"['1', 'blk_4886940526690879848']"
55,081109,212029,1814,INFO,dfs.DataNode$PacketResponder,Received block blk_-2452477352812192142 of size 67108864 from /10.250.7.244,e3df2680,Received block <*> of size <*> from <*>,"['blk_-2452477352812192142', '67108864', '/10.250.7.244']"
56,081109,212219,1885,INFO,dfs.DataNode$PacketResponder,PacketResponder 0 for block blk_-4229375751333894621 terminating,dc2c74b7,PacketResponder <*> for block <*> terminating,"['0', 'blk_-4229375751333894621']"
57,081109,212220,1946,INFO,dfs.DataNode$DataXceiver,Receiving block blk_-774267833966018354 src: /10.251.38.53:51057 dest: /10.251.38.53:50010,09a53393,Receiving block <*> src: <*> dest: <*>,"['blk_-774267833966018354', '/10.251.38.53:51057', '/10.251.38.53:50010']"
58,081109,212245,27,INFO,dfs.FSNamesystem,BLOCK* NameSystem.allocateBlock: /user/root/rand/_temporary/_task_200811092030_0001_m_001648_0/part-01648. blk_2513940824125131775,3d91fa85,BLOCK* NameSystem.allocateBlock: <*> <*>,['/user/root/rand/_temporary/_task_200811092030_0001_m_001648_0/part-01648. blk_2513940824125131775']
59,081109,212317,34,INFO,dfs.FSNamesystem,BLOCK* NameSystem.allocateBlock: /user/root/rand/_temporary/_task_200811092030_0001_m_001866_0/part-01866. blk_-1282453782148343691,3d91fa85,BLOCK* NameSystem.allocateBlock: <*> <*>,['/user/root/rand/_temporary/_task_200811092030_0001_m_001866_0/part-01866. blk_-1282453782148343691']
60,081109,212338,2007,INFO,dfs.DataNode$PacketResponder,Received block blk_-518701095493827363 of size 67108864 from /10.251.214.67,e3df2680,Received block <*> of size <*> from <*>,"['blk_-518701095493827363', '67108864', '/10.251.214.67']"
61,081109,212403,35,INFO,dfs.FSNamesystem,BLOCK* NameSystem.addStoredBlock: blockMap updated: 10.251.106.50:50010 is added to blk_-2530087534157630851 size 67108864,5d5de21c,BLOCK* NameSystem.addStoredBlock: blockMap updated: <*> is added to <*> size <*>,"['10.251.106.50:50010', 'blk_-2530087534157630851', '67108864']"
62,081109,212440,31,INFO,dfs.FSNamesystem,BLOCK* NameSystem.addStoredBlock: blockMap updated: 10.251.198.196:50010 is added to blk_427714267500527780 size 67108864,5d5de21c,BLOCK* NameSystem.addStoredBlock: blockMap updated: <*> is added to <*> size <*>,"['10.251.198.196:50010', 'blk_427714267500527780', '67108864']"
63,081109,212703,2053,INFO,dfs.DataNode$PacketResponder,Received block blk_-967145856473901804 of size 67108864 from /10.250.6.191,e3df2680,Received block <*> of size <*> from <*>,"['blk_-967145856473901804', '67108864', '/10.250.6.191']"
64,081109,212904,2174,INFO,dfs.DataNode$PacketResponder,Received block blk_8408125361497769001 of size 67108864 from /10.251.70.211,e3df2680,Received block <*> of size <*> from <*>,"['blk_8408125361497769001', '67108864', '/10.251.70.211']"
65,081109,212931,2211,INFO,dfs.DataNode$PacketResponder,Received block blk_-1614641487214609125 of size 67108864 from /10.251.193.175,e3df2680,Received block <*> of size <*> from <*>,"['blk_-1614641487214609125', '67108864', '/10.251.193.175']"
66,081109,213009,2207,INFO,dfs.DataNode$PacketResponder,Received block blk_7577595658377008671 of size 67108864 from /10.251.71.97,e3df2680,Received block <*> of size <*> from <*>,"['blk_7577595658377008671', '67108864', '/10.251.71.97']"
67,081109,213028,2206,INFO,dfs.DataNode$PacketResponder,Received block blk_3777400576053320362 of size 67108864 from /10.251.31.5,e3df2680,Received block <*> of size <*> from <*>,"['blk_3777400576053320362', '67108864', '/10.251.31.5']"
68,081109,213217,2267,INFO,dfs.DataNode$PacketResponder,PacketResponder 0 for block blk_-5852844080027817147 terminating,dc2c74b7,PacketResponder <*> for block <*> terminating,"['0', 'blk_-5852844080027817147']"
69,081109,213353,2313,INFO,dfs.DataNode$PacketResponder,Received block blk_-2129171714384027465 of size 67108864 from /10.251.75.228,e3df2680,Received block <*> of size <*> from <*>,"['blk_-2129171714384027465', '67108864', '/10.251.75.228']"
70,081109,213436,13,INFO,dfs.DataBlockScanner,Verification succeeded for blk_-2827716238972737794,32777b38,Verification succeeded for <*>,['blk_-2827716238972737794']
71,081109,213506,2421,INFO,dfs.DataNode$DataXceiver,Receiving block blk_-3509323198988774369 src: /10.250.6.214:52922 dest: /10.250.6.214:50010,09a53393,Receiving block <*> src: <*> dest: <*>,"['blk_-3509323198988774369', '/10.250.6.214:52922', '/10.250.6.214:50010']"
72,081109,213510,2384,INFO,dfs.DataNode$PacketResponder,PacketResponder 0 for block blk_9093049293972551787 terminating,dc2c74b7,PacketResponder <*> for block <*> terminating,"['0', 'blk_9093049293972551787']"
73,081109,213837,19,INFO,dfs.FSDataset,Deleting block blk_1781953582842324563 file /mnt/hadoop/dfs/data/current/subdir5/blk_1781953582842324563,c0a9fd05,Deleting block <*> file /mnt/hadoop/dfs/data/current/subdir5/<*>,"['blk_1781953582842324563', 'blk_1781953582842324563']"
74,081109,213847,2552,INFO,dfs.DataNode$DataXceiver,10.251.194.213:50010 Served block blk_-7724713468912166542 to /10.251.203.80,626085d5,<*> Served block <*> to <*>,"['10.251.194.213:50010', 'blk_-7724713468912166542', '/10.251.203.80']"
75,081109,213907,2497,INFO,dfs.DataNode$DataXceiver,10.251.91.229:50010 Served block blk_-3358448553918665902 to /10.251.91.229,626085d5,<*> Served block <*> to <*>,"['10.251.91.229:50010', 'blk_-3358448553918665902', '/10.251.91.229']"
76,081109,213908,2549,INFO,dfs.DataNode$DataXceiver,10.251.39.192:50010 Served block blk_-5341992729755584578 to /10.251.39.192,626085d5,<*> Served block <*> to <*>,"['10.251.39.192:50010', 'blk_-5341992729755584578', '/10.251.39.192']"
77,081109,214009,2594,INFO,dfs.DataNode$DataXceiver,10.250.5.237:50010 Served block blk_3166960787499091856 to /10.251.43.147,626085d5,<*> Served block <*> to <*>,"['10.250.5.237:50010', 'blk_3166960787499091856', '/10.251.43.147']"
78,081109,214043,2561,WARN,dfs.DataNode$DataXceiver,10.251.30.85:50010:Got exception while serving blk_-2918118818249673980 to /10.251.90.64:,81cee340,<*>Got exception while serving <*> to <*>,"['10.251.30.85:50010:', 'blk_-2918118818249673980', '/10.251.90.64:']"
79,081109,214402,2677,WARN,dfs.DataNode$DataXceiver,10.251.126.255:50010:Got exception while serving blk_8376667364205250596 to /10.251.91.159:,81cee340,<*>Got exception while serving <*> to <*>,"['10.251.126.255:50010:', 'blk_8376667364205250596', '/10.251.91.159:']"
80,081109,214524,2633,INFO,dfs.DataNode$DataXceiver,10.251.71.68:50010 Served block blk_-2794533871450434534 to /10.251.199.150,626085d5,<*> Served block <*> to <*>,"['10.251.71.68:50010', 'blk_-2794533871450434534', '/10.251.199.150']"
81,081109,214529,2747,WARN,dfs.DataNode$DataXceiver,10.251.123.132:50010:Got exception while serving blk_3763728533434719668 to /10.251.38.214:,81cee340,<*>Got exception while serving <*> to <*>,"['10.251.123.132:50010:', 'blk_3763728533434719668', '/10.251.38.214:']"
82,081109,214910,2848,WARN,dfs.DataNode$DataXceiver,10.250.13.188:50010:Got exception while serving blk_6241141267506413726 to /10.251.194.245:,81cee340,<*>Got exception while serving <*> to <*>,"['10.250.13.188:50010:', 'blk_6241141267506413726', '/10.251.194.245:']"
83,081109,214919,2899,INFO,dfs.DataNode$DataXceiver,10.251.214.32:50010 Served block blk_-6520030462660619051 to /10.251.215.70,626085d5,<*> Served block <*> to <*>,"['10.251.214.32:50010', 'blk_-6520030462660619051', '/10.251.215.70']"
84,081109,215136,2868,WARN,dfs.DataNode$DataXceiver,10.251.199.19:50010:Got exception while serving blk_8466246428293623262 to /10.251.106.37:,81cee340,<*>Got exception while serving <*> to <*>,"['10.251.199.19:50010:', 'blk_8466246428293623262', '/10.251.106.37:']"
85,081109,215259,2934,WARN,dfs.DataNode$DataXceiver,10.250.9.207:50010:Got exception while serving blk_-3140754468249228022 to /10.250.9.207:,81cee340,<*>Got exception while serving <*> to <*>,"['10.250.9.207:50010:', 'blk_-3140754468249228022', '/10.250.9.207:']"
86,081109,215702,3022,WARN,dfs.DataNode$DataXceiver,10.251.202.134:50010:Got exception while serving blk_3441699978641526775 to /10.251.126.5:,81cee340,<*>Got exception while serving <*> to <*>,"['10.251.202.134:50010:', 'blk_3441699978641526775', '/10.251.126.5:']"
87,081109,215734,3055,INFO,dfs.DataNode$DataXceiver,10.250.6.214:50010 Served block blk_5739119717322549945 to /10.251.43.115,626085d5,<*> Served block <*> to <*>,"['10.250.6.214:50010', 'blk_5739119717322549945', '/10.251.43.115']"
88,081109,220032,3137,WARN,dfs.DataNode$DataXceiver,10.250.14.196:50010:Got exception while serving blk_-305633040016166849 to /10.251.38.53:,81cee340,<*>Got exception while serving <*> to <*>,"['10.250.14.196:50010:', 'blk_-305633040016166849', '/10.251.38.53:']"
89,081109,220403,3148,WARN,dfs.DataNode$DataXceiver,10.251.107.227:50010:Got exception while serving blk_-6290631608800952376 to /10.251.109.209:,81cee340,<*>Got exception while serving <*> to <*>,"['10.251.107.227:50010:', 'blk_-6290631608800952376', '/10.251.109.209:']"
90,081109,220528,3174,INFO,dfs.DataNode$DataXceiver,10.251.203.166:50010 Served block blk_8787656642683881295 to /10.251.107.98,626085d5,<*> Served block <*> to <*>,"['10.251.203.166:50010', 'blk_8787656642683881295', '/10.251.107.98']"
91,081109,221105,3338,WARN,dfs.DataNode$DataXceiver,10.251.90.64:50010:Got exception while serving blk_-4841792440390267307 to /10.251.90.239:,81cee340,<*>Got exception while serving <*> to <*>,"['10.251.90.64:50010:', 'blk_-4841792440390267307', '/10.251.90.239:']"
92,081109,221151,3361,WARN,dfs.DataNode$DataXceiver,10.250.10.144:50010:Got exception while serving blk_5126469776250053435 to /10.250.11.100:,81cee340,<*>Got exception while serving <*> to <*>,"['10.250.10.144:50010:', 'blk_5126469776250053435', '/10.250.11.100:']"
93,081109,222040,3463,WARN,dfs.DataNode$DataXceiver,10.251.71.146:50010:Got exception while serving blk_-2032740670708110312 to /10.251.197.161:,81cee340,<*>Got exception while serving <*> to <*>,"['10.251.71.146:50010:', 'blk_-2032740670708110312', '/10.251.197.161:']"
94,081109,222041,3390,WARN,dfs.DataNode$DataXceiver,10.251.67.113:50010:Got exception while serving blk_-62891505109755100 to /10.250.7.96:,81cee340,<*>Got exception while serving <*> to <*>,"['10.251.67.113:50010:', 'blk_-62891505109755100', '/10.250.7.96:']"
95,081109,222342,3462,WARN,dfs.DataNode$DataXceiver,10.251.74.79:50010:Got exception while serving blk_2244903517044280975 to /10.251.74.134:,81cee340,<*>Got exception while serving <*> to <*>,"['10.251.74.79:50010:', 'blk_2244903517044280975', '/10.251.74.134:']"
96,081109,222650,3459,WARN,dfs.DataNode$DataXceiver,10.251.214.112:50010:Got exception while serving blk_5905933788014151041 to /10.251.214.112:,81cee340,<*>Got exception while serving <*> to <*>,"['10.251.214.112:50010:', 'blk_5905933788014151041', '/10.251.214.112:']"
97,081109,223211,3544,INFO,dfs.DataNode$DataXceiver,10.251.111.80:50010 Served block blk_6296828743242110158 to /10.251.42.246,626085d5,<*> Served block <*> to <*>,"['10.251.111.80:50010', 'blk_6296828743242110158', '/10.251.42.246']"
98,081109,223910,3540,WARN,dfs.DataNode$DataXceiver,10.251.43.210:50010:Got exception while serving blk_2969087638814291714 to /10.251.199.86:,81cee340,<*>Got exception while serving <*> to <*>,"['10.251.43.210:50010:', 'blk_2969087638814291714', '/10.251.199.86:']"
99,081109,224054,3560,WARN,dfs.DataNode$DataXceiver,10.251.126.255:50010:Got exception while serving blk_2879780987351022871 to /10.251.39.144:,81cee340,<*>Got exception while serving <*> to <*>,"['10.251.126.255:50010:', 'blk_2879780987351022871', '/10.251.39.144:']"
100,081109,224234,3638,WARN,dfs.DataNode$DataXceiver,10.251.73.220:50010:Got exception while serving blk_4934527196392001803 to /10.251.203.246:,81cee340,<*>Got exception while serving <*> to <*>,"['10.251.73.220:50010:', 'blk_4934527196392001803', '/10.251.203.246:']"
101,081109,224420,3666,WARN,dfs.DataNode$DataXceiver,10.251.73.188:50010:Got exception while serving blk_7517964792804498202 to /10.250.6.191:,81cee340,<*>Got exception while serving <*> to <*>,"['10.251.73.188:50010:', 'blk_7517964792804498202', '/10.250.6.191:']"
102,081109,224741,3699,WARN,dfs.DataNode$DataXceiver,10.251.35.1:50010:Got exception while serving blk_7940316270494947483 to /10.251.122.38:,81cee340,<*>Got exception while serving <*> to <*>,"['10.251.35.1:50010:', 'blk_7940316270494947483', '/10.251.122.38:']"
103,081109,230110,3647,WARN,dfs.DataNode$DataXceiver,10.251.90.134:50010:Got exception while serving blk_7154985168984871115 to /10.251.110.160:,81cee340,<*>Got exception while serving <*> to <*>,"['10.251.90.134:50010:', 'blk_7154985168984871115', '/10.251.110.160:']"
104,081109,232200,3856,INFO,dfs.DataNode$PacketResponder,Received block blk_-6867873931012347356 of size 67108864 from /10.251.39.64,e3df2680,Received block <*> of size <*> from <*>,"['blk_-6867873931012347356', '67108864', '/10.251.39.64']"
105,081109,232324,32,INFO,dfs.FSNamesystem,BLOCK* NameSystem.addStoredBlock: blockMap updated: 10.251.107.19:50010 is added to blk_6093743385844975689 size 67108864,5d5de21c,BLOCK* NameSystem.addStoredBlock: blockMap updated: <*> is added to <*> size <*>,"['10.251.107.19:50010', 'blk_6093743385844975689', '67108864']"
106,081109,232346,3820,INFO,dfs.DataNode$DataXceiver,Receiving block blk_8692428775973608797 src: /10.250.10.213:56574 dest: /10.250.10.213:50010,09a53393,Receiving block <*> src: <*> dest: <*>,"['blk_8692428775973608797', '/10.250.10.213:56574', '/10.250.10.213:50010']"
107,081109,232639,3792,INFO,dfs.DataNode$PacketResponder,PacketResponder 0 for block blk_-6837050820114491742 terminating,dc2c74b7,PacketResponder <*> for block <*> terminating,"['0', 'blk_-6837050820114491742']"
108,081109,232828,3875,INFO,dfs.DataNode$PacketResponder,Received block blk_-5195432543794777448 of size 67108864 from /10.250.10.6,e3df2680,Received block <*> of size <*> from <*>,"['blk_-5195432543794777448', '67108864', '/10.250.10.6']"
109,081109,232829,33,INFO,dfs.FSNamesystem,BLOCK* NameSystem.addStoredBlock: blockMap updated: 10.251.110.68:50010 is added to blk_1636660629634995787 size 67108864,5d5de21c,BLOCK* NameSystem.addStoredBlock: blockMap updated: <*> is added to <*> size <*>,"['10.251.110.68:50010', 'blk_1636660629634995787', '67108864']"
110,081109,232833,32,INFO,dfs.FSNamesystem,BLOCK* NameSystem.addStoredBlock: blockMap updated: 10.251.75.79:50010 is added to blk_467589865104023338 size 67108864,5d5de21c,BLOCK* NameSystem.addStoredBlock: blockMap updated: <*> is added to <*> size <*>,"['10.251.75.79:50010', 'blk_467589865104023338', '67108864']"
111,081109,232923,3792,INFO,dfs.DataNode$PacketResponder,Received block blk_7929144620252342335 of size 67108864 from /10.251.31.5,e3df2680,Received block <*> of size <*> from <*>,"['blk_7929144620252342335', '67108864', '/10.251.31.5']"
112,081109,232926,3783,INFO,dfs.DataNode$DataXceiver,Receiving block blk_-1798958443298220150 src: /10.251.111.209:57419 dest: /10.251.111.209:50010,09a53393,Receiving block <*> src: <*> dest: <*>,"['blk_-1798958443298220150', '/10.251.111.209:57419', '/10.251.111.209:50010']"
113,081109,233108,3872,INFO,dfs.DataNode$PacketResponder,PacketResponder 0 for block blk_-54240672253074715 terminating,dc2c74b7,PacketResponder <*> for block <*> terminating,"['0', 'blk_-54240672253074715']"
114,081109,233356,3917,INFO,dfs.DataNode$DataXceiver,Receiving block blk_-7172347691639518373 src: /10.251.111.37:35327 dest: /10.251.111.37:50010,09a53393,Receiving block <*> src: <*> dest: <*>,"['blk_-7172347691639518373', '/10.251.111.37:35327', '/10.251.111.37:50010']"
115,081109,233753,3950,INFO,dfs.DataNode$DataXceiver,Receiving block blk_-6412155847905320411 src: /10.251.30.85:58995 dest: /10.251.30.85:50010,09a53393,Receiving block <*> src: <*> dest: <*>,"['blk_-6412155847905320411', '/10.251.30.85:58995', '/10.251.30.85:50010']"
116,081109,233835,4139,INFO,dfs.DataNode$DataXceiver,Receiving block blk_699651392443620263 src: /10.251.70.5:34703 dest: /10.251.70.5:50010,09a53393,Receiving block <*> src: <*> dest: <*>,"['blk_699651392443620263', '/10.251.70.5:34703', '/10.251.70.5:50010']"
117,081109,233836,4061,INFO,dfs.DataNode$DataXceiver,Receiving block blk_-8788032532930439012 src: /10.251.126.255:41104 dest: /10.251.126.255:50010,09a53393,Receiving block <*> src: <*> dest: <*>,"['blk_-8788032532930439012', '/10.251.126.255:41104', '/10.251.126.255:50010']"
118,081109,233849,4087,INFO,dfs.DataNode$PacketResponder,Received block blk_-3455521536483250153 of size 67108864 from /10.251.106.37,e3df2680,Received block <*> of size <*> from <*>,"['blk_-3455521536483250153', '67108864', '/10.251.106.37']"
119,081109,234027,26,INFO,dfs.FSNamesystem,BLOCK* NameSystem.addStoredBlock: blockMap updated: 10.251.31.85:50010 is added to blk_-7017553867379051457 size 67108864,5d5de21c,BLOCK* NameSystem.addStoredBlock: blockMap updated: <*> is added to <*> size <*>,"['10.251.31.85:50010', 'blk_-7017553867379051457', '67108864']"
120,081109,234107,4261,INFO,dfs.DataNode$DataXceiver,Receiving block blk_-1259190292740306590 src: /10.251.65.203:36289 dest: /10.251.65.203:50010,09a53393,Receiving block <*> src: <*> dest: <*>,"['blk_-1259190292740306590', '/10.251.65.203:36289', '/10.251.65.203:50010']"
121,081109,234110,26,INFO,dfs.FSNamesystem,BLOCK* NameSystem.allocateBlock: /user/root/sortrand/_temporary/_task_200811092030_0002_r_000296_0/part-00296. blk_-6620182933895093708,3d91fa85,BLOCK* NameSystem.allocateBlock: <*> <*>,['/user/root/sortrand/_temporary/_task_200811092030_0002_r_000296_0/part-00296. blk_-6620182933895093708']
122,081109,234111,4288,INFO,dfs.DataNode$PacketResponder,PacketResponder 1 for block blk_2028803850179311599 terminating,dc2c74b7,PacketResponder <*> for block <*> terminating,"['1', 'blk_2028803850179311599']"
123,081109,234112,4136,INFO,dfs.DataNode$DataXceiver,Receiving block blk_-8562334328670278932 src: /10.251.194.147:46714 dest: /10.251.194.147:50010,09a53393,Receiving block <*> src: <*> dest: <*>,"['blk_-8562334328670278932', '/10.251.194.147:46714', '/10.251.194.147:50010']"
124,081109,234325,4246,INFO,dfs.DataNode$PacketResponder,PacketResponder 1 for block blk_-8108913101671416218 terminating,dc2c74b7,PacketResponder <*> for block <*> terminating,"['1', 'blk_-8108913101671416218']"
125,081109,234512,4223,INFO,dfs.DataNode$PacketResponder,PacketResponder 0 for block blk_-7640601843607665080 terminating,dc2c74b7,PacketResponder <*> for block <*> terminating,"['0', 'blk_-7640601843607665080']"
126,081109,234516,4136,INFO,dfs.DataNode$DataXceiver,Receiving block blk_7654726977769174867 src: /10.251.110.160:49990 dest: /10.251.110.160:50010,09a53393,Receiving block <*> src: <*> dest: <*>,"['blk_7654726977769174867', '/10.251.110.160:49990', '/10.251.110.160:50010']"
127,081109,234555,4345,INFO,dfs.DataNode$PacketResponder,PacketResponder 1 for block blk_8320088109701056055 terminating,dc2c74b7,PacketResponder <*> for block <*> terminating,"['1', 'blk_8320088109701056055']"
128,081109,234605,26,INFO,dfs.FSNamesystem,BLOCK* NameSystem.addStoredBlock: blockMap updated: 10.251.197.226:50010 is added to blk_4585055992495043771 size 67108864,5d5de21c,BLOCK* NameSystem.addStoredBlock: blockMap updated: <*> is added to <*> size <*>,"['10.251.197.226:50010', 'blk_4585055992495043771', '67108864']"
129,081109,234644,4177,INFO,dfs.DataNode$PacketResponder,Received block blk_-4330512786228504138 of size 67108864 from /10.251.67.225,e3df2680,Received block <*> of size <*> from <*>,"['blk_-4330512786228504138', '67108864', '/10.251.67.225']"
130,081109,234706,34,INFO,dfs.FSNamesystem,BLOCK* NameSystem.addStoredBlock: blockMap updated: 10.251.30.179:50010 is added to blk_4628142183191390143 size 67108864,5d5de21c,BLOCK* NameSystem.addStoredBlock: blockMap updated: <*> is added to <*> size <*>,"['10.251.30.179:50010', 'blk_4628142183191390143', '67108864']"
131,081109,234719,4344,INFO,dfs.DataNode$PacketResponder,PacketResponder 2 for block blk_-6766351519628312408 terminating,dc2c74b7,PacketResponder <*> for block <*> terminating,"['2', 'blk_-6766351519628312408']"
132,081109,234728,27,INFO,dfs.FSNamesystem,BLOCK* NameSystem.addStoredBlock: blockMap updated: 10.250.5.237:50010 is added to blk_-476906696485288376 size 67108864,5d5de21c,BLOCK* NameSystem.addStoredBlock: blockMap updated: <*> is added to <*> size <*>,"['10.250.5.237:50010', 'blk_-476906696485288376', '67108864']"
133,081109,234835,3972,INFO,dfs.DataNode$PacketResponder,PacketResponder 0 for block blk_-7436749154361133879 terminating,dc2c74b7,PacketResponder <*> for block <*> terminating,"['0', 'blk_-7436749154361133879']"
134,081109,234835,4259,INFO,dfs.DataNode$DataXceiver,Receiving block blk_7061131805920430446 src: /10.250.7.32:53397 dest: /10.250.7.32:50010,09a53393,Receiving block <*> src: <*> dest: <*>,"['blk_7061131805920430446', '/10.250.7.32:53397', '/10.250.7.32:50010']"
135,081109,234924,4275,INFO,dfs.DataNode$PacketResponder,Received block blk_-684595390732854503 of size 67108864 from /10.250.6.191,e3df2680,Received block <*> of size <*> from <*>,"['blk_-684595390732854503', '67108864', '/10.250.6.191']"
136,081109,235030,31,INFO,dfs.FSNamesystem,BLOCK* NameSystem.addStoredBlock: blockMap updated: 10.250.7.244:50010 is added to blk_-6956067134432991406 size 67108864,5d5de21c,BLOCK* NameSystem.addStoredBlock: blockMap updated: <*> is added to <*> size <*>,"['10.250.7.244:50010', 'blk_-6956067134432991406', '67108864']"
137,081109,235138,3469,INFO,dfs.DataNode$PacketResponder,PacketResponder 0 for block blk_549647953114643908 terminating,dc2c74b7,PacketResponder <*> for block <*> terminating,"['0', 'blk_549647953114643908']"
138,081109,235140,31,INFO,dfs.FSNamesystem,BLOCK* NameSystem.allocateBlock: /user/root/sortrand/_temporary/_task_200811092030_0002_r_000230_0/part-00230. blk_559204981722276126,3d91fa85,BLOCK* NameSystem.allocateBlock: <*> <*>,['/user/root/sortrand/_temporary/_task_200811092030_0002_r_000230_0/part-00230. blk_559204981722276126']
139,081109,235305,4419,INFO,dfs.DataNode$PacketResponder,PacketResponder 1 for block blk_-165500353496111884 terminating,dc2c74b7,PacketResponder <*> for block <*> terminating,"['1', 'blk_-165500353496111884']"
140,081109,235311,34,INFO,dfs.FSNamesystem,BLOCK* NameSystem.allocateBlock: /user/root/sortrand/_temporary/_task_200811092030_0002_r_000169_0/part-00169. blk_-7105305952901940477,3d91fa85,BLOCK* NameSystem.allocateBlock: <*> <*>,['/user/root/sortrand/_temporary/_task_200811092030_0002_r_000169_0/part-00169. blk_-7105305952901940477']
141,081109,235322,3968,INFO,dfs.DataNode$DataXceiver,Receiving block blk_-9103764593642564543 src: /10.251.43.115:46385 dest: /10.251.43.115:50010,09a53393,Receiving block <*> src: <*> dest: <*>,"['blk_-9103764593642564543', '/10.251.43.115:46385', '/10.251.43.115:50010']"
142,081109,235337,4459,INFO,dfs.DataNode$PacketResponder,PacketResponder 0 for block blk_3160319368100972992 terminating,dc2c74b7,PacketResponder <*> for block <*> terminating,"['0', 'blk_3160319368100972992']"
143,081109,235426,4327,INFO,dfs.DataNode$PacketResponder,Received block blk_-562725280853087685 of size 67108864 from /10.251.91.84,e3df2680,Received block <*> of size <*> from <*>,"['blk_-562725280853087685', '67108864', '/10.251.91.84']"
144,081109,235609,4400,INFO,dfs.DataNode$PacketResponder,PacketResponder 1 for block blk_4568377692254637284 terminating,dc2c74b7,PacketResponder <*> for block <*> terminating,"['1', 'blk_4568377692254637284']"
145,081109,235727,4429,INFO,dfs.DataNode$DataXceiver,Receiving block blk_-5217146995455608468 src: /10.251.214.67:38871 dest: /10.251.214.67:50010,09a53393,Receiving block <*> src: <*> dest: <*>,"['blk_-5217146995455608468', '/10.251.214.67:38871', '/10.251.214.67:50010']"
146,081109,235813,31,INFO,dfs.FSNamesystem,BLOCK* NameSystem.addStoredBlock: blockMap updated: 10.251.199.225:50010 is added to blk_7481361125021302112 size 67108864,5d5de21c,BLOCK* NameSystem.addStoredBlock: blockMap updated: <*> is added to <*> size <*>,"['10.251.199.225:50010', 'blk_7481361125021302112', '67108864']"
147,081109,235903,4454,INFO,dfs.DataNode$PacketResponder,Received block blk_-71429470616906355 of size 67108864 from /10.250.19.16,e3df2680,Received block <*> of size <*> from <*>,"['blk_-71429470616906355', '67108864', '/10.250.19.16']"
148,081109,235904,4520,INFO,dfs.DataNode$DataXceiver,Receiving block blk_-522892190802801712 src: /10.251.74.134:39584 dest: /10.251.74.134:50010,09a53393,Receiving block <*> src: <*> dest: <*>,"['blk_-522892190802801712', '/10.251.74.134:39584', '/10.251.74.134:50010']"
149,081109,235919,31,INFO,dfs.FSNamesystem,BLOCK* NameSystem.addStoredBlock: blockMap updated: 10.251.107.19:50010 is added to blk_-3249711809227781266 size 67108864,5d5de21c,BLOCK* NameSystem.addStoredBlock: blockMap updated: <*> is added to <*> size <*>,"['10.251.107.19:50010', 'blk_-3249711809227781266', '67108864']"
150,081109,235951,4525,INFO,dfs.DataNode$DataXceiver,Receiving block blk_-6329494504520216748 src: /10.251.25.237:39332 dest: /10.251.25.237:50010,09a53393,Receiving block <*> src: <*> dest: <*>,"['blk_-6329494504520216748', '/10.251.25.237:39332', '/10.251.25.237:50010']"
151,081110,000117,33,INFO,dfs.FSNamesystem,BLOCK* NameSystem.allocateBlock: /user/root/sortrand/_temporary/_task_200811092030_0002_r_000318_0/part-00318. blk_-207775976836691685,3d91fa85,BLOCK* NameSystem.allocateBlock: <*> <*>,['/user/root/sortrand/_temporary/_task_200811092030_0002_r_000318_0/part-00318. blk_-207775976836691685']
152,081110,000136,28,INFO,dfs.FSNamesystem,BLOCK* NameSystem.addStoredBlock: blockMap updated: 10.250.6.4:50010 is added to blk_5114010683183383297 size 67108864,5d5de21c,BLOCK* NameSystem.addStoredBlock: blockMap updated: <*> is added to <*> size <*>,"['10.250.6.4:50010', 'blk_5114010683183383297', '67108864']"
153,081110,000136,4627,INFO,dfs.DataNode$PacketResponder,PacketResponder 1 for block blk_-7656610147924319419 terminating,dc2c74b7,PacketResponder <*> for block <*> terminating,"['1', 'blk_-7656610147924319419']"
154,081110,000232,27,INFO,dfs.FSNamesystem,BLOCK* NameSystem.allocateBlock: /user/root/sortrand/_temporary/_task_200811092030_0002_r_000318_0/part-00318. blk_2096692261399680562,3d91fa85,BLOCK* NameSystem.allocateBlock: <*> <*>,['/user/root/sortrand/_temporary/_task_200811092030_0002_r_000318_0/part-00318. blk_2096692261399680562']
155,081110,000238,4717,INFO,dfs.DataNode$PacketResponder,PacketResponder 0 for block blk_-6500549130351529113 terminating,dc2c74b7,PacketResponder <*> for block <*> terminating,"['0', 'blk_-6500549130351529113']"
156,081110,000319,4568,INFO,dfs.DataNode$DataXceiver,Receiving block blk_-8255732027871411321 src: /10.251.39.179:33950 dest: /10.251.39.179:50010,09a53393,Receiving block <*> src: <*> dest: <*>,"['blk_-8255732027871411321', '/10.251.39.179:33950', '/10.251.39.179:50010']"
157,081110,000507,4619,INFO,dfs.DataNode$PacketResponder,PacketResponder 2 for block blk_-2896670847306153652 terminating,dc2c74b7,PacketResponder <*> for block <*> terminating,"['2', 'blk_-2896670847306153652']"
158,081110,000546,4624,INFO,dfs.DataNode$DataXceiver,Receiving block blk_-8856628810470361280 src: /10.250.5.237:41923 dest: /10.250.5.237:50010,09a53393,Receiving block <*> src: <*> dest: <*>,"['blk_-8856628810470361280', '/10.250.5.237:41923', '/10.250.5.237:50010']"
159,081110,000616,4552,INFO,dfs.DataNode$PacketResponder,Received block blk_3463540868626173125 of size 67108864 from /10.251.30.134,e3df2680,Received block <*> of size <*> from <*>,"['blk_3463540868626173125', '67108864', '/10.251.30.134']"
160,081110,000657,4822,INFO,dfs.DataNode$PacketResponder,Received block blk_-5309211894896608429 of size 67108864 from /10.251.202.181,e3df2680,Received block <*> of size <*> from <*>,"['blk_-5309211894896608429', '67108864', '/10.251.202.181']"
161,081110,000727,34,INFO,dfs.FSNamesystem,BLOCK* NameSystem.addStoredBlock: blockMap updated: 10.250.15.240:50010 is added to blk_-1055254430948037872 size 67108864,5d5de21c,BLOCK* NameSystem.addStoredBlock: blockMap updated: <*> is added to <*> size <*>,"['10.250.15.240:50010', 'blk_-1055254430948037872', '67108864']"
162,081110,000755,4717,INFO,dfs.DataNode$DataXceiver,Receiving block blk_3962600675982666210 src: /10.251.123.195:37374 dest: /10.251.123.195:50010,09a53393,Receiving block <*> src: <*> dest: <*>,"['blk_3962600675982666210', '/10.251.123.195:37374', '/10.251.123.195:50010']"
163,081110,000820,4687,INFO,dfs.DataNode$PacketResponder,PacketResponder 0 for block blk_-730776401372551814 terminating,dc2c74b7,PacketResponder <*> for block <*> terminating,"['0', 'blk_-730776401372551814']"
164,081110,000841,4727,INFO,dfs.DataNode$PacketResponder,PacketResponder 2 for block blk_-7553009628768897700 terminating,dc2c74b7,PacketResponder <*> for block <*> terminating,"['2', 'blk_-7553009628768897700']"
165,081110,001250,4631,INFO,dfs.DataNode$PacketResponder,Received block blk_3068335169639013019 of size 67108864 from /10.251.71.68,e3df2680,Received block <*> of size <*> from <*>,"['blk_3068335169639013019', '67108864', '/10.251.71.68']"
166,081110,001307,29,INFO,dfs.FSNamesystem,BLOCK* NameSystem.addStoredBlock: blockMap updated: 10.251.90.239:50010 is added to blk_-9069971851590882719 size 67108864,5d5de21c,BLOCK* NameSystem.addStoredBlock: blockMap updated: <*> is added to <*> size <*>,"['10.251.90.239:50010', 'blk_-9069971851590882719', '67108864']"
167,081110,001337,27,INFO,dfs.FSNamesystem,BLOCK* NameSystem.addStoredBlock: blockMap updated: 10.251.67.4:50010 is added to blk_-8924134715029713489 size 67108864,5d5de21c,BLOCK* NameSystem.addStoredBlock: blockMap updated: <*> is added to <*> size <*>,"['10.251.67.4:50010', 'blk_-8924134715029713489', '67108864']"
168,081110,001350,29,INFO,dfs.FSNamesystem,BLOCK* NameSystem.addStoredBlock: blockMap updated: 10.250.7.146:50010 is added to blk_278357163850888 size 67108864,5d5de21c,BLOCK* NameSystem.addStoredBlock: blockMap updated: <*> is added to <*> size <*>,"['10.250.7.146:50010', 'blk_278357163850888', '67108864']"
169,081110,001745,4905,INFO,dfs.DataNode$DataXceiver,Receiving block blk_-5135777574223073423 src: /10.251.65.237:48648 dest: /10.251.65.237:50010,09a53393,Receiving block <*> src: <*> dest: <*>,"['blk_-5135777574223073423', '/10.251.65.237:48648', '/10.251.65.237:50010']"
170,081110,001818,4837,INFO,dfs.DataNode$PacketResponder,PacketResponder 2 for block blk_-1148756466197125339 terminating,dc2c74b7,PacketResponder <*> for block <*> terminating,"['2', 'blk_-1148756466197125339']"
171,081110,002041,4863,INFO,dfs.DataNode$PacketResponder,PacketResponder 1 for block blk_9074030793567748915 terminating,dc2c74b7,PacketResponder <*> for block <*> terminating,"['1', 'blk_9074030793567748915']"
172,081110,002103,4928,INFO,dfs.DataNode$PacketResponder,Received block blk_-4067446915270471579 of size 25933924 from /10.251.110.8,e3df2680,Received block <*> of size <*> from <*>,"['blk_-4067446915270471579', '25933924', '/10.251.110.8']"
173,081110,002221,4855,INFO,dfs.DataNode$PacketResponder,PacketResponder 0 for block blk_3259872359515191972 terminating,dc2c74b7,PacketResponder <*> for block <*> terminating,"['0', 'blk_3259872359515191972']"
174,081110,002223,4824,INFO,dfs.DataNode$PacketResponder,PacketResponder 1 for block blk_5963816136267066159 terminating,dc2c74b7,PacketResponder <*> for block <*> terminating,"['1', 'blk_5963816136267066159']"
175,081110,002253,34,INFO,dfs.FSNamesystem,BLOCK* NameSystem.allocateBlock: /user/root/sortrand/_temporary/_task_200811092030_0002_r_000138_0/part-00138. blk_-210021574616486609,3d91fa85,BLOCK* NameSystem.allocateBlock: <*> <*>,['/user/root/sortrand/_temporary/_task_200811092030_0002_r_000138_0/part-00138. blk_-210021574616486609']
176,081110,002337,13,INFO,dfs.DataBlockScanner,Verification succeeded for blk_-1547954353065580372,32777b38,Verification succeeded for <*>,['blk_-1547954353065580372']
177,081110,002914,4955,INFO,dfs.DataNode$DataXceiver,Receiving block blk_-8524274644018377752 src: /10.251.42.16:33011 dest: /10.251.42.16:50010,09a53393,Receiving block <*> src: <*> dest: <*>,"['blk_-8524274644018377752', '/10.251.42.16:33011', '/10.251.42.16:50010']"
178,081110,003441,4986,INFO,dfs.DataNode$DataXceiver,Receiving block blk_-2015110815660478655 src: /10.251.35.1:53344 dest: /10.251.35.1:50010,09a53393,Receiving block <*> src: <*> dest: <*>,"['blk_-2015110815660478655', '/10.251.35.1:53344', '/10.251.35.1:50010']"
179,081110,003502,4937,INFO,dfs.DataNode$PacketResponder,Received block blk_7484759945731484842 of size 67108864 from /10.251.203.149,e3df2680,Received block <*> of size <*> from <*>,"['blk_7484759945731484842', '67108864', '/10.251.203.149']"
180,081110,004247,33,INFO,dfs.FSNamesystem,BLOCK* NameSystem.addStoredBlock: blockMap updated: 10.251.39.242:50010 is added to blk_-4110733372292809607 size 67108864,5d5de21c,BLOCK* NameSystem.addStoredBlock: blockMap updated: <*> is added to <*> size <*>,"['10.251.39.242:50010', 'blk_-4110733372292809607', '67108864']"
181,081110,010354,5184,INFO,dfs.DataNode$PacketResponder,Received block blk_-7152190882826520998 of size 67108864 from /10.250.14.143,e3df2680,Received block <*> of size <*> from <*>,"['blk_-7152190882826520998', '67108864', '/10.250.14.143']"
182,081110,010438,4917,INFO,dfs.DataNode$DataXceiver,Receiving block blk_-6543889749770222531 src: /10.251.107.98:56224 dest: /10.251.107.98:50010,09a53393,Receiving block <*> src: <*> dest: <*>,"['blk_-6543889749770222531', '/10.251.107.98:56224', '/10.251.107.98:50010']"
183,081110,010506,5128,INFO,dfs.DataNode$PacketResponder,Received block blk_8772892713521115147 of size 67108864 from /10.251.194.245,e3df2680,Received block <*> of size <*> from <*>,"['blk_8772892713521115147', '67108864', '/10.251.194.245']"
184,081110,010525,5099,INFO,dfs.DataNode$PacketResponder,Received block blk_-6979800421545566530 of size 67108864 from /10.250.10.176,e3df2680,Received block <*> of size <*> from <*>,"['blk_-6979800421545566530', '67108864', '/10.250.10.176']"
185,081110,010543,35,INFO,dfs.FSNamesystem,BLOCK* NameSystem.allocateBlock: /user/root/randtxt/_temporary/_task_200811092030_0003_m_000382_0/part-00382. blk_8935202950442998446,3d91fa85,BLOCK* NameSystem.allocateBlock: <*> <*>,['/user/root/randtxt/_temporary/_task_200811092030_0003_m_000382_0/part-00382. blk_8935202950442998446']
186,081110,010629,5132,INFO,dfs.DataNode$PacketResponder,PacketResponder 1 for block blk_-4799092443170733505 terminating,dc2c74b7,PacketResponder <*> for block <*> terminating,"['1', 'blk_-4799092443170733505']"
187,081110,010759,34,INFO,dfs.FSNamesystem,BLOCK* NameSystem.allocateBlock: /user/root/randtxt/_temporary/_task_200811092030_0003_m_000392_0/part-00392. blk_-3010126661650043258,3d91fa85,BLOCK* NameSystem.allocateBlock: <*> <*>,['/user/root/randtxt/_temporary/_task_200811092030_0003_m_000392_0/part-00392. blk_-3010126661650043258']
188,081110,010801,5186,INFO,dfs.DataNode$PacketResponder,PacketResponder 2 for block blk_-5215520749152394224 terminating,dc2c74b7,PacketResponder <*> for block <*> terminating,"['2', 'blk_-5215520749152394224']"
189,081110,010815,5133,INFO,dfs.DataNode$PacketResponder,PacketResponder 0 for block blk_397848436489409658 terminating,dc2c74b7,PacketResponder <*> for block <*> terminating,"['0', 'blk_397848436489409658']"
190,081110,010851,32,INFO,dfs.FSNamesystem,BLOCK* NameSystem.addStoredBlock: blockMap updated: 10.251.199.86:50010 is added to blk_-9181958042427679309 size 67108864,5d5de21c,BLOCK* NameSystem.addStoredBlock: blockMap updated: <*> is added to <*> size <*>,"['10.251.199.86:50010', 'blk_-9181958042427679309', '67108864']"
191,081110,010917,5109,INFO,dfs.DataNode$PacketResponder,Received block blk_-5124326558394984439 of size 67108864 from /10.251.122.79,e3df2680,Received block <*> of size <*> from <*>,"['blk_-5124326558394984439', '67108864', '/10.251.122.79']"
192,081110,010918,32,INFO,dfs.FSNamesystem,BLOCK* NameSystem.addStoredBlock: blockMap updated: 10.251.106.37:50010 is added to blk_-4741127506068309449 size 67108864,5d5de21c,BLOCK* NameSystem.addStoredBlock: blockMap updated: <*> is added to <*> size <*>,"['10.251.106.37:50010', 'blk_-4741127506068309449', '67108864']"
193,081110,010932,5174,INFO,dfs.DataNode$PacketResponder,PacketResponder 1 for block blk_-4937215748597091532 terminating,dc2c74b7,PacketResponder <*> for block <*> terminating,"['1', 'blk_-4937215748597091532']"
194,081110,011001,26,INFO,dfs.FSNamesystem,BLOCK* NameSystem.addStoredBlock: blockMap updated: 10.251.25.237:50010 is added to blk_541463031152673662 size 67108864,5d5de21c,BLOCK* NameSystem.addStoredBlock: blockMap updated: <*> is added to <*> size <*>,"['10.251.25.237:50010', 'blk_541463031152673662', '67108864']"
195,081110,011100,5230,INFO,dfs.DataNode$PacketResponder,Received block blk_-7514806214244798312 of size 67108864 from /10.250.15.101,e3df2680,Received block <*> of size <*> from <*>,"['blk_-7514806214244798312', '67108864', '/10.250.15.101']"
196,081110,011133,5157,INFO,dfs.DataNode$PacketResponder,Received block blk_-7007208336332784130 of size 67108864 from /10.251.27.63,e3df2680,Received block <*> of size <*> from <*>,"['blk_-7007208336332784130', '67108864', '/10.251.27.63']"
197,081110,011237,13,INFO,dfs.DataBlockScanner,Verification succeeded for blk_6996194389878584395,32777b38,Verification succeeded for <*>,['blk_6996194389878584395']
198,081110,011335,31,INFO,dfs.FSNamesystem,BLOCK* NameSystem.addStoredBlock: blockMap updated: 10.251.71.146:50010 is added to blk_-6836642008179678048 size 67108864,5d5de21c,BLOCK* NameSystem.addStoredBlock: blockMap updated: <*> is added to <*> size <*>,"['10.251.71.146:50010', 'blk_-6836642008179678048', '67108864']"
199,081110,011352,5321,INFO,dfs.DataNode$PacketResponder,PacketResponder 1 for block blk_8060713381303305129 terminating,dc2c74b7,PacketResponder <*> for block <*> terminating,"['1', 'blk_8060713381303305129']"
200,081110,011406,5296,INFO,dfs.DataNode$DataXceiver,Receiving block blk_5760391051658436046 src: /10.251.42.84:59752 dest: /10.251.42.84:50010,09a53393,Receiving block <*> src: <*> dest: <*>,"['blk_5760391051658436046', '/10.251.42.84:59752', '/10.251.42.84:50010']"
201,081110,011431,33,INFO,dfs.FSNamesystem,BLOCK* NameSystem.allocateBlock: /user/root/randtxt/_temporary/_task_200811092030_0003_m_000675_0/part-00675. blk_-7866582011201618766,3d91fa85,BLOCK* NameSystem.allocateBlock: <*> <*>,['/user/root/randtxt/_temporary/_task_200811092030_0003_m_000675_0/part-00675. blk_-7866582011201618766']
202,081110,011448,28,INFO,dfs.FSNamesystem,BLOCK* NameSystem.addStoredBlock: blockMap updated: 10.251.214.18:50010 is added to blk_-7555801584297376435 size 67108864,5d5de21c,BLOCK* NameSystem.addStoredBlock: blockMap updated: <*> is added to <*> size <*>,"['10.251.214.18:50010', 'blk_-7555801584297376435', '67108864']"
203,081110,011505,29,INFO,dfs.FSNamesystem,BLOCK* NameSystem.addStoredBlock: blockMap updated: 10.251.26.177:50010 is added to blk_-5949883083428548093 size 67108864,5d5de21c,BLOCK* NameSystem.addStoredBlock: blockMap updated: <*> is added to <*> size <*>,"['10.251.26.177:50010', 'blk_-5949883083428548093', '67108864']"
204,081110,011521,33,INFO,dfs.FSNamesystem,BLOCK* NameSystem.allocateBlock: /user/root/randtxt/_temporary/_task_200811092030_0003_m_000705_0/part-00705. blk_-9162090767925303921,3d91fa85,BLOCK* NameSystem.allocateBlock: <*> <*>,['/user/root/randtxt/_temporary/_task_200811092030_0003_m_000705_0/part-00705. blk_-9162090767925303921']
205,081110,011538,5164,INFO,dfs.DataNode$PacketResponder,PacketResponder 1 for block blk_-4196449318426994195 terminating,dc2c74b7,PacketResponder <*> for block <*> terminating,"['1', 'blk_-4196449318426994195']"
206,081110,011713,5420,INFO,dfs.DataNode$DataXceiver,Receiving block blk_4238127626194855481 src: /10.250.11.100:59324 dest: /10.250.11.100:50010,09a53393,Receiving block <*> src: <*> dest: <*>,"['blk_4238127626194855481', '/10.250.11.100:59324', '/10.250.11.100:50010']"
207,081110,011731,5472,INFO,dfs.DataNode$PacketResponder,Received block blk_-3805070405372551730 of size 67108864 from /10.251.109.236,e3df2680,Received block <*> of size <*> from <*>,"['blk_-3805070405372551730', '67108864', '/10.251.109.236']"
208,081110,011846,5274,INFO,dfs.DataNode$PacketResponder,Received block blk_-2013946318750925538 of size 67108864 from /10.251.126.22,e3df2680,Received block <*> of size <*> from <*>,"['blk_-2013946318750925538', '67108864', '/10.251.126.22']"
209,081110,011925,5356,INFO,dfs.DataNode$PacketResponder,PacketResponder 1 for block blk_3278280638950561822 terminating,dc2c74b7,PacketResponder <*> for block <*> terminating,"['1', 'blk_3278280638950561822']"
210,081110,012005,5368,INFO,dfs.DataNode$PacketResponder,PacketResponder 1 for block blk_-26568864070436835 terminating,dc2c74b7,PacketResponder <*> for block <*> terminating,"['1', 'blk_-26568864070436835']"
211,081110,012245,5396,INFO,dfs.DataNode$PacketResponder,PacketResponder 0 for block blk_-9161369067334198861 terminating,dc2c74b7,PacketResponder <*> for block <*> terminating,"['0', 'blk_-9161369067334198861']"
212,081110,012351,5301,INFO,dfs.DataNode$PacketResponder,Received block blk_-1094025072435547068 of size 67108864 from /10.251.66.3,e3df2680,Received block <*> of size <*> from <*>,"['blk_-1094025072435547068', '67108864', '/10.251.66.3']"
213,081110,012357,5523,INFO,dfs.DataNode$PacketResponder,Received block blk_6534693994677948144 of size 67108864 from /10.251.201.204,e3df2680,Received block <*> of size <*> from <*>,"['blk_6534693994677948144', '67108864', '/10.251.201.204']"
214,081110,012426,5538,INFO,dfs.DataNode$DataXceiver,Receiving block blk_7672124247291403094 src: /10.251.66.3:55531 dest: /10.251.66.3:50010,09a53393,Receiving block <*> src: <*> dest: <*>,"['blk_7672124247291403094', '/10.251.66.3:55531', '/10.251.66.3:50010']"
215,081110,012522,5491,INFO,dfs.DataNode$PacketResponder,PacketResponder 1 for block blk_-5569558931000121451 terminating,dc2c74b7,PacketResponder <*> for block <*> terminating,"['1', 'blk_-5569558931000121451']"
216,081110,012753,5586,INFO,dfs.DataNode$PacketResponder,PacketResponder 2 for block blk_-4566099704755845087 terminating,dc2c74b7,PacketResponder <*> for block <*> terminating,"['2', 'blk_-4566099704755845087']"
217,081110,012835,5558,INFO,dfs.DataNode$PacketResponder,PacketResponder 0 for block blk_-8093500164295459838 terminating,dc2c74b7,PacketResponder <*> for block <*> terminating,"['0', 'blk_-8093500164295459838']"
218,081110,012855,5509,INFO,dfs.DataNode$PacketResponder,Received block blk_-3787594914477940893 of size 67108864 from /10.251.71.16,e3df2680,Received block <*> of size <*> from <*>,"['blk_-3787594914477940893', '67108864', '/10.251.71.16']"
219,081110,012857,5605,INFO,dfs.DataNode$PacketResponder,Received block blk_426381928692704514 of size 67108864 from /10.251.122.38,e3df2680,Received block <*> of size <*> from <*>,"['blk_426381928692704514', '67108864', '/10.251.122.38']"
220,081110,013125,27,INFO,dfs.FSNamesystem,BLOCK* NameSystem.allocateBlock: /user/root/randtxt/_temporary/_task_200811092030_0003_m_001095_0/part-01095. blk_-7413910507260978729,3d91fa85,BLOCK* NameSystem.allocateBlock: <*> <*>,['/user/root/randtxt/_temporary/_task_200811092030_0003_m_001095_0/part-01095. blk_-7413910507260978729']
221,081110,013220,5704,INFO,dfs.DataNode$PacketResponder,PacketResponder 1 for block blk_4774656339381154282 terminating,dc2c74b7,PacketResponder <*> for block <*> terminating,"['1', 'blk_4774656339381154282']"
222,081110,013231,5659,INFO,dfs.DataNode$DataXceiver,Receiving block blk_-8227485321105019293 src: /10.251.195.33:56999 dest: /10.251.195.33:50010,09a53393,Receiving block <*> src: <*> dest: <*>,"['blk_-8227485321105019293', '/10.251.195.33:56999', '/10.251.195.33:50010']"
223,081110,013306,33,INFO,dfs.FSNamesystem,BLOCK* NameSystem.addStoredBlock: blockMap updated: 10.251.75.79:50010 is added to blk_5210211633167259832 size 67108864,5d5de21c,BLOCK* NameSystem.addStoredBlock: blockMap updated: <*> is added to <*> size <*>,"['10.251.75.79:50010', 'blk_5210211633167259832', '67108864']"
224,081110,013406,5493,INFO,dfs.DataNode$PacketResponder,PacketResponder 2 for block blk_2917692073041583988 terminating,dc2c74b7,PacketResponder <*> for block <*> terminating,"['2', 'blk_2917692073041583988']"
225,081110,013412,30,INFO,dfs.FSNamesystem,BLOCK* NameSystem.addStoredBlock: blockMap updated: 10.251.199.159:50010 is added to blk_-8558845834445970595 size 67108864,5d5de21c,BLOCK* NameSystem.addStoredBlock: blockMap updated: <*> is added to <*> size <*>,"['10.251.199.159:50010', 'blk_-8558845834445970595', '67108864']"
226,081110,013502,5576,INFO,dfs.DataNode$PacketResponder,Received block blk_3852281952649038166 of size 67108864 from /10.251.122.65,e3df2680,Received block <*> of size <*> from <*>,"['blk_3852281952649038166', '67108864', '/10.251.122.65']"
227,081110,013506,5649,INFO,dfs.DataNode$PacketResponder,PacketResponder 2 for block blk_-5442040196315589272 terminating,dc2c74b7,PacketResponder <*> for block <*> terminating,"['2', 'blk_-5442040196315589272']"
228,081110,013537,5804,INFO,dfs.DataNode$DataXceiver,Receiving block blk_-6486714614940767660 src: /10.250.11.53:48454 dest: /10.250.11.53:50010,09a53393,Receiving block <*> src: <*> dest: <*>,"['blk_-6486714614940767660', '/10.250.11.53:48454', '/10.250.11.53:50010']"
229,081110,013542,5646,INFO,dfs.DataNode$PacketResponder,PacketResponder 0 for block blk_755689327380778318 terminating,dc2c74b7,PacketResponder <*> for block <*> terminating,"['0', 'blk_755689327380778318']"
230,081110,013545,5696,INFO,dfs.DataNode$PacketResponder,Received block blk_-8847552694913526632 of size 67108864 from /10.251.201.204,e3df2680,Received block <*> of size <*> from <*>,"['blk_-8847552694913526632', '67108864', '/10.251.201.204']"
231,081110,013559,5614,INFO,dfs.DataNode$PacketResponder,Received block blk_7736147489540456118 of size 67108864 from /10.251.74.227,e3df2680,Received block <*> of size <*> from <*>,"['blk_7736147489540456118', '67108864', '/10.251.74.227']"
232,081110,013715,5706,INFO,dfs.DataNode$PacketResponder,Received block blk_-3677956642639780952 of size 67108864 from /10.251.123.20,e3df2680,Received block <*> of size <*> from <*>,"['blk_-3677956642639780952', '67108864', '/10.251.123.20']"
233,081110,013721,35,INFO,dfs.FSNamesystem,BLOCK* NameSystem.addStoredBlock: blockMap updated: 10.251.73.220:50010 is added to blk_3073404534069578592 size 67108864,5d5de21c,BLOCK* NameSystem.addStoredBlock: blockMap updated: <*> is added to <*> size <*>,"['10.251.73.220:50010', 'blk_3073404534069578592', '67108864']"
234,081110,013855,5764,INFO,dfs.DataNode$PacketResponder,Received block blk_1498192967843651378 of size 67108864 from /10.251.42.84,e3df2680,Received block <*> of size <*> from <*>,"['blk_1498192967843651378', '67108864', '/10.251.42.84']"
235,081110,013938,4501,INFO,dfs.DataNode$DataXceiver,Receiving block blk_148513789886825227 src: /10.251.123.33:54308 dest: /10.251.123.33:50010,09a53393,Receiving block <*> src: <*> dest: <*>,"['blk_148513789886825227', '/10.251.123.33:54308', '/10.251.123.33:50010']"
236,081110,014002,5798,INFO,dfs.DataNode$DataXceiver,Receiving block blk_7229716389774599497 src: /10.251.201.204:38310 dest: /10.251.201.204:50010,09a53393,Receiving block <*> src: <*> dest: <*>,"['blk_7229716389774599497', '/10.251.201.204:38310', '/10.251.201.204:50010']"
237,081110,014023,5733,INFO,dfs.DataNode$PacketResponder,PacketResponder 0 for block blk_4741107979793372752 terminating,dc2c74b7,PacketResponder <*> for block <*> terminating,"['0', 'blk_4741107979793372752']"
238,081110,014033,5854,INFO,dfs.DataNode$DataXceiver,Receiving block blk_691517018986659607 src: /10.251.195.70:59379 dest: /10.251.195.70:50010,09a53393,Receiving block <*> src: <*> dest: <*>,"['blk_691517018986659607', '/10.251.195.70:59379', '/10.251.195.70:50010']"
239,081110,014043,30,INFO,dfs.FSNamesystem,BLOCK* NameSystem.addStoredBlock: blockMap updated: 10.251.203.129:50010 is added to blk_6002109944224710483 size 67108864,5d5de21c,BLOCK* NameSystem.addStoredBlock: blockMap updated: <*> is added to <*> size <*>,"['10.251.203.129:50010', 'blk_6002109944224710483', '67108864']"
240,081110,014050,34,INFO,dfs.FSNamesystem,BLOCK* NameSystem.addStoredBlock: blockMap updated: 10.251.122.65:50010 is added to blk_5095897972833086609 size 67108864,5d5de21c,BLOCK* NameSystem.addStoredBlock: blockMap updated: <*> is added to <*> size <*>,"['10.251.122.65:50010', 'blk_5095897972833086609', '67108864']"
241,081110,014138,5832,INFO,dfs.DataNode$PacketResponder,PacketResponder 1 for block blk_-3802183646922512795 terminating,dc2c74b7,PacketResponder <*> for block <*> terminating,"['1', 'blk_-3802183646922512795']"
242,081110,014145,30,INFO,dfs.FSNamesystem,BLOCK* NameSystem.addStoredBlock: blockMap updated: 10.251.201.204:50010 is added to blk_9072829105973334075 size 67108864,5d5de21c,BLOCK* NameSystem.addStoredBlock: blockMap updated: <*> is added to <*> size <*>,"['10.251.201.204:50010', 'blk_9072829105973334075', '67108864']"
243,081110,014207,27,INFO,dfs.FSNamesystem,BLOCK* NameSystem.allocateBlock: /user/root/randtxt/_temporary/_task_200811092030_0003_m_001365_0/part-01365. blk_4841101867353115844,3d91fa85,BLOCK* NameSystem.allocateBlock: <*> <*>,['/user/root/randtxt/_temporary/_task_200811092030_0003_m_001365_0/part-01365. blk_4841101867353115844']
244,081110,014257,5803,INFO,dfs.DataNode$PacketResponder,PacketResponder 1 for block blk_1997668456720275587 terminating,dc2c74b7,PacketResponder <*> for block <*> terminating,"['1', 'blk_1997668456720275587']"
245,081110,014314,5599,INFO,dfs.DataNode$PacketResponder,Received block blk_3304535870056962597 of size 67108864 from /10.251.203.166,e3df2680,Received block <*> of size <*> from <*>,"['blk_3304535870056962597', '67108864', '/10.251.203.166']"
246,081110,014349,5817,INFO,dfs.DataNode$PacketResponder,PacketResponder 1 for block blk_-4853183643928986291 terminating,dc2c74b7,PacketResponder <*> for block <*> terminating,"['1', 'blk_-4853183643928986291']"
247,081110,014421,33,INFO,dfs.FSNamesystem,BLOCK* NameSystem.addStoredBlock: blockMap updated: 10.251.107.196:50010 is added to blk_6828121630547887549 size 67108864,5d5de21c,BLOCK* NameSystem.addStoredBlock: blockMap updated: <*> is added to <*> size <*>,"['10.251.107.196:50010', 'blk_6828121630547887549', '67108864']"
248,081110,014423,5775,INFO,dfs.DataNode$PacketResponder,Received block blk_3084588477220583373 of size 67108864 from /10.251.125.174,e3df2680,Received block <*> of size <*> from <*>,"['blk_3084588477220583373', '67108864', '/10.251.125.174']"
249,081110,014428,5801,INFO,dfs.DataNode$PacketResponder,PacketResponder 2 for block blk_-653434419514937486 terminating,dc2c74b7,PacketResponder <*> for block <*> terminating,"['2', 'blk_-653434419514937486']"
250,081110,014519,32,INFO,dfs.FSNamesystem,BLOCK* NameSystem.allocateBlock: /user/root/randtxt/_temporary/_task_200811092030_0003_m_001506_0/part-01506. blk_1104376461837247304,3d91fa85,BLOCK* NameSystem.allocateBlock: <*> <*>,['/user/root/randtxt/_temporary/_task_200811092030_0003_m_001506_0/part-01506. blk_1104376461837247304']
251,081110,014520,32,INFO,dfs.FSNamesystem,BLOCK* NameSystem.addStoredBlock: blockMap updated: 10.251.111.130:50010 is added to blk_-5511630179413516751 size 67108864,5d5de21c,BLOCK* NameSystem.addStoredBlock: blockMap updated: <*> is added to <*> size <*>,"['10.251.111.130:50010', 'blk_-5511630179413516751', '67108864']"
252,081110,014536,6005,INFO,dfs.DataNode$PacketResponder,PacketResponder 2 for block blk_4404895858852856851 terminating,dc2c74b7,PacketResponder <*> for block <*> terminating,"['2', 'blk_4404895858852856851']"
253,081110,014727,29,INFO,dfs.FSNamesystem,BLOCK* NameSystem.allocateBlock: /user/root/randtxt/_temporary/_task_200811092030_0003_m_001597_0/part-01597. blk_-591552904934794824,3d91fa85,BLOCK* NameSystem.allocateBlock: <*> <*>,['/user/root/randtxt/_temporary/_task_200811092030_0003_m_001597_0/part-01597. blk_-591552904934794824']
254,081110,014738,26,INFO,dfs.FSNamesystem,BLOCK* NameSystem.allocateBlock: /user/root/randtxt/_temporary/_task_200811092030_0003_m_001377_0/part-01377. blk_-8408087700903896282,3d91fa85,BLOCK* NameSystem.allocateBlock: <*> <*>,['/user/root/randtxt/_temporary/_task_200811092030_0003_m_001377_0/part-01377. blk_-8408087700903896282']
255,081110,014808,28,INFO,dfs.FSNamesystem,BLOCK* NameSystem.addStoredBlock: blockMap updated: 10.251.122.38:50010 is added to blk_-5404881839098659470 size 67108864,5d5de21c,BLOCK* NameSystem.addStoredBlock: blockMap updated: <*> is added to <*> size <*>,"['10.251.122.38:50010', 'blk_-5404881839098659470', '67108864']"
256,081110,014847,5846,INFO,dfs.DataNode$PacketResponder,PacketResponder 1 for block blk_703046261120042821 terminating,dc2c74b7,PacketResponder <*> for block <*> terminating,"['1', 'blk_703046261120042821']"
257,081110,014914,30,INFO,dfs.FSNamesystem,BLOCK* NameSystem.allocateBlock: /user/root/randtxt/_temporary/_task_200811092030_0003_m_001728_0/part-01728. blk_-488298625688742454,3d91fa85,BLOCK* NameSystem.allocateBlock: <*> <*>,['/user/root/randtxt/_temporary/_task_200811092030_0003_m_001728_0/part-01728. blk_-488298625688742454']
258,081110,014953,5959,INFO,dfs.DataNode$PacketResponder,PacketResponder 1 for block blk_6465095458973828118 terminating,dc2c74b7,PacketResponder <*> for block <*> terminating,"['1', 'blk_6465095458973828118']"
259,081110,015013,6133,INFO,dfs.DataNode$PacketResponder,PacketResponder 2 for block blk_-9110604833387121363 terminating,dc2c74b7,PacketResponder <*> for block <*> terminating,"['2', 'blk_-9110604833387121363']"
260,081110,015018,5852,INFO,dfs.DataNode$DataXceiver,Receiving block blk_5977008528949258706 src: /10.251.214.32:43860 dest: /10.251.214.32:50010,09a53393,Receiving block <*> src: <*> dest: <*>,"['blk_5977008528949258706', '/10.251.214.32:43860', '/10.251.214.32:50010']"
261,081110,015024,5938,INFO,dfs.DataNode$PacketResponder,PacketResponder 2 for block blk_3781645897486585075 terminating,dc2c74b7,PacketResponder <*> for block <*> terminating,"['2', 'blk_3781645897486585075']"
262,081110,015031,26,INFO,dfs.FSNamesystem,BLOCK* NameSystem.addStoredBlock: blockMap updated: 10.250.11.194:50010 is added to blk_-1635752698830216319 size 67108864,5d5de21c,BLOCK* NameSystem.addStoredBlock: blockMap updated: <*> is added to <*> size <*>,"['10.250.11.194:50010', 'blk_-1635752698830216319', '67108864']"
263,081110,015334,5970,INFO,dfs.DataNode$PacketResponder,PacketResponder 0 for block blk_3070718541088657475 terminating,dc2c74b7,PacketResponder <*> for block <*> terminating,"['0', 'blk_3070718541088657475']"
264,081110,015340,32,INFO,dfs.FSNamesystem,BLOCK* NameSystem.allocateBlock: /user/root/randtxt/_temporary/_task_200811092030_0003_m_001661_0/part-01661. blk_-1674094254141559552,3d91fa85,BLOCK* NameSystem.allocateBlock: <*> <*>,['/user/root/randtxt/_temporary/_task_200811092030_0003_m_001661_0/part-01661. blk_-1674094254141559552']
265,081110,015423,26,INFO,dfs.FSNamesystem,BLOCK* NameSystem.addStoredBlock: blockMap updated: 10.251.197.161:50010 is added to blk_6080034782037237879 size 67108864,5d5de21c,BLOCK* NameSystem.addStoredBlock: blockMap updated: <*> is added to <*> size <*>,"['10.251.197.161:50010', 'blk_6080034782037237879', '67108864']"
266,081110,015432,26,INFO,dfs.FSNamesystem,BLOCK* NameSystem.allocateBlock: /user/root/randtxt/_temporary/_task_200811092030_0003_m_001630_0/part-01630. blk_-8645365827804358878,3d91fa85,BLOCK* NameSystem.allocateBlock: <*> <*>,['/user/root/randtxt/_temporary/_task_200811092030_0003_m_001630_0/part-01630. blk_-8645365827804358878']
267,081110,015600,28,INFO,dfs.FSNamesystem,BLOCK* NameSystem.allocateBlock: /user/root/randtxt/_temporary/_task_200811092030_0003_m_001817_0/part-01817. blk_3291173852929756766,3d91fa85,BLOCK* NameSystem.allocateBlock: <*> <*>,['/user/root/randtxt/_temporary/_task_200811092030_0003_m_001817_0/part-01817. blk_3291173852929756766']
268,081110,015607,6086,INFO,dfs.DataNode$PacketResponder,Received block blk_892900079071425422 of size 67108864 from /10.251.73.188,e3df2680,Received block <*> of size <*> from <*>,"['blk_892900079071425422', '67108864', '/10.251.73.188']"
269,081110,015626,5971,INFO,dfs.DataNode$PacketResponder,PacketResponder 1 for block blk_2243777557693112935 terminating,dc2c74b7,PacketResponder <*> for block <*> terminating,"['1', 'blk_2243777557693112935']"
270,081110,015649,6096,INFO,dfs.DataNode$PacketResponder,Received block blk_-8192956077351896648 of size 67108864 from /10.251.110.196,e3df2680,Received block <*> of size <*> from <*>,"['blk_-8192956077351896648', '67108864', '/10.251.110.196']"
271,081110,015716,6066,INFO,dfs.DataNode$PacketResponder,Received block blk_5250287988089075029 of size 67108864 from /10.251.66.63,e3df2680,Received block <*> of size <*> from <*>,"['blk_5250287988089075029', '67108864', '/10.251.66.63']"
272,081110,015719,32,INFO,dfs.FSNamesystem,BLOCK* NameSystem.addStoredBlock: blockMap updated: 10.251.30.6:50010 is added to blk_446513188203036714 size 67108864,5d5de21c,BLOCK* NameSystem.addStoredBlock: blockMap updated: <*> is added to <*> size <*>,"['10.251.30.6:50010', 'blk_446513188203036714', '67108864']"
273,081110,015740,6116,INFO,dfs.DataNode$PacketResponder,Received block blk_-2020273862360001901 of size 67108864 from /10.250.7.244,e3df2680,Received block <*> of size <*> from <*>,"['blk_-2020273862360001901', '67108864', '/10.250.7.244']"
274,081110,015750,5956,INFO,dfs.DataNode$PacketResponder,PacketResponder 0 for block blk_3338047823148530794 terminating,dc2c74b7,PacketResponder <*> for block <*> terminating,"['0', 'blk_3338047823148530794']"
275,081110,015759,29,INFO,dfs.FSNamesystem,BLOCK* NameSystem.allocateBlock: /user/root/randtxt/_temporary/_task_200811092030_0003_m_001840_0/part-01840. blk_4210124392039605712,3d91fa85,BLOCK* NameSystem.allocateBlock: <*> <*>,['/user/root/randtxt/_temporary/_task_200811092030_0003_m_001840_0/part-01840. blk_4210124392039605712']
276,081110,015832,34,INFO,dfs.FSNamesystem,BLOCK* NameSystem.addStoredBlock: blockMap updated: 10.251.71.240:50010 is added to blk_-6330812010936261924 size 67108864,5d5de21c,BLOCK* NameSystem.addStoredBlock: blockMap updated: <*> is added to <*> size <*>,"['10.251.71.240:50010', 'blk_-6330812010936261924', '67108864']"
277,081110,015942,31,INFO,dfs.FSNamesystem,BLOCK* NameSystem.allocateBlock: /user/root/randtxt/_temporary/_task_200811092030_0003_m_001976_0/part-01976. blk_-8380267327243110056,3d91fa85,BLOCK* NameSystem.allocateBlock: <*> <*>,['/user/root/randtxt/_temporary/_task_200811092030_0003_m_001976_0/part-01976. blk_-8380267327243110056']
278,081110,015959,32,INFO,dfs.FSNamesystem,BLOCK* NameSystem.addStoredBlock: blockMap updated: 10.251.110.160:50010 is added to blk_-8077373411465716253 size 67108864,5d5de21c,BLOCK* NameSystem.addStoredBlock: blockMap updated: <*> is added to <*> size <*>,"['10.251.110.160:50010', 'blk_-8077373411465716253', '67108864']"
279,081110,020011,6037,INFO,dfs.DataNode$PacketResponder,PacketResponder 0 for block blk_-9198375937828232046 terminating,dc2c74b7,PacketResponder <*> for block <*> terminating,"['0', 'blk_-9198375937828232046']"
280,081110,020019,5935,INFO,dfs.DataNode$PacketResponder,PacketResponder 0 for block blk_9107849594802857322 terminating,dc2c74b7,PacketResponder <*> for block <*> terminating,"['0', 'blk_9107849594802857322']"
281,081110,020034,6204,INFO,dfs.DataNode$DataXceiver,Receiving block blk_271142976916798281 src: /10.251.70.112:50176 dest: /10.251.70.112:50010,09a53393,Receiving block <*> src: <*> dest: <*>,"['blk_271142976916798281', '/10.251.70.112:50176', '/10.251.70.112:50010']"
282,081110,020140,6146,INFO,dfs.DataNode$PacketResponder,Received block blk_4029732570544915384 of size 67108864 from /10.251.35.1,e3df2680,Received block <*> of size <*> from <*>,"['blk_4029732570544915384', '67108864', '/10.251.35.1']"
283,081110,020249,6148,INFO,dfs.DataNode$PacketResponder,PacketResponder 0 for block blk_679168189072909208 terminating,dc2c74b7,PacketResponder <*> for block <*> terminating,"['0', 'blk_679168189072909208']"
284,081110,020302,33,INFO,dfs.FSNamesystem,BLOCK* NameSystem.addStoredBlock: blockMap updated: 10.251.43.192:50010 is added to blk_6285161494041403917 size 67108864,5d5de21c,BLOCK* NameSystem.addStoredBlock: blockMap updated: <*> is added to <*> size <*>,"['10.251.43.192:50010', 'blk_6285161494041403917', '67108864']"
285,081110,020313,6034,INFO,dfs.DataNode$PacketResponder,Received block blk_-5306443381473737599 of size 67108864 from /10.251.195.52,e3df2680,Received block <*> of size <*> from <*>,"['blk_-5306443381473737599', '67108864', '/10.251.195.52']"
286,081110,020322,6131,INFO,dfs.DataNode$PacketResponder,PacketResponder 2 for block blk_-2466006073687914843 terminating,dc2c74b7,PacketResponder <*> for block <*> terminating,"['2', 'blk_-2466006073687914843']"
287,081110,020325,27,INFO,dfs.FSNamesystem,BLOCK* NameSystem.addStoredBlock: blockMap updated: 10.251.43.210:50010 is added to blk_-6995454028444097802 size 67108864,5d5de21c,BLOCK* NameSystem.addStoredBlock: blockMap updated: <*> is added to <*> size <*>,"['10.251.43.210:50010', 'blk_-6995454028444097802', '67108864']"
288,081110,020357,31,INFO,dfs.FSNamesystem,BLOCK* NameSystem.addStoredBlock: blockMap updated: 10.250.6.4:50010 is added to blk_344934934043642744 size 67108864,5d5de21c,BLOCK* NameSystem.addStoredBlock: blockMap updated: <*> is added to <*> size <*>,"['10.250.6.4:50010', 'blk_344934934043642744', '67108864']"
289,081110,020458,28,INFO,dfs.FSNamesystem,BLOCK* NameSystem.addStoredBlock: blockMap updated: 10.250.7.230:50010 is added to blk_4984720043834039361 size 67108864,5d5de21c,BLOCK* NameSystem.addStoredBlock: blockMap updated: <*> is added to <*> size <*>,"['10.250.7.230:50010', 'blk_4984720043834039361', '67108864']"
290,081110,020509,6043,INFO,dfs.DataNode$DataXceiver,Receiving block blk_6398122733993275620 src: /10.251.111.80:53737 dest: /10.251.111.80:50010,09a53393,Receiving block <*> src: <*> dest: <*>,"['blk_6398122733993275620', '/10.251.111.80:53737', '/10.251.111.80:50010']"
291,081110,020632,32,INFO,dfs.FSNamesystem,BLOCK* NameSystem.addStoredBlock: blockMap updated: 10.251.43.192:50010 is added to blk_325981833999429148 size 67108864,5d5de21c,BLOCK* NameSystem.addStoredBlock: blockMap updated: <*> is added to <*> size <*>,"['10.251.43.192:50010', 'blk_325981833999429148', '67108864']"
292,081110,020724,29,INFO,dfs.FSNamesystem,BLOCK* NameSystem.delete: blk_2568309208894455676 is added to invalidSet of 10.251.31.160:50010,d63ef163,BLOCK* NameSystem.delete: <*> is added to invalidSet of <*>,"['blk_2568309208894455676', '10.251.31.160:50010']"
293,081110,022226,6281,INFO,dfs.DataNode$DataXceiver,10.250.19.16:50010 Served block blk_1078000656626961731 to /10.250.19.16,626085d5,<*> Served block <*> to <*>,"['10.250.19.16:50010', 'blk_1078000656626961731', '/10.250.19.16']"
294,081110,023456,6415,WARN,dfs.DataNode$DataXceiver,10.251.67.225:50010:Got exception while serving blk_-6900989714336081087 to /10.251.25.237:,81cee340,<*>Got exception while serving <*> to <*>,"['10.251.67.225:50010:', 'blk_-6900989714336081087', '/10.251.25.237:']"
295,081110,024834,6371,INFO,dfs.DataNode$DataXceiver,10.251.126.227:50010 Served block blk_-8306714721294235181 to /10.251.126.227,626085d5,<*> Served block <*> to <*>,"['10.251.126.227:50010', 'blk_-8306714721294235181', '/10.251.126.227']"
296,081110,030331,6561,WARN,dfs.DataNode$DataXceiver,10.251.42.191:50010:Got exception while serving blk_-8023826090828946372 to /10.251.214.130:,81cee340,<*>Got exception while serving <*> to <*>,"['10.251.42.191:50010:', 'blk_-8023826090828946372', '/10.251.214.130:']"
297,081110,030942,6646,WARN,dfs.DataNode$DataXceiver,10.251.31.5:50010:Got exception while serving blk_-1367876730256254709 to /10.251.67.225:,81cee340,<*>Got exception while serving <*> to <*>,"['10.251.31.5:50010:', 'blk_-1367876730256254709', '/10.251.67.225:']"
298,081110,031019,6604,INFO,dfs.DataNode$DataXceiver,10.251.126.83:50010 Served block blk_-3860894070657427592 to /10.251.126.83,626085d5,<*> Served block <*> to <*>,"['10.251.126.83:50010', 'blk_-3860894070657427592', '/10.251.126.83']"
299,081110,032126,6555,WARN,dfs.DataNode$DataXceiver,10.251.26.8:50010:Got exception while serving blk_-7983508786213002472 to /10.251.38.197:,81cee340,<*>Got exception while serving <*> to <*>,"['10.251.26.8:50010:', 'blk_-7983508786213002472', '/10.251.38.197:']"
300,081110,035357,6606,INFO,dfs.DataNode$DataXceiver,10.251.71.97:50010 Served block blk_5454332143498402824 to /10.250.15.67,626085d5,<*> Served block <*> to <*>,"['10.251.71.97:50010', 'blk_5454332143498402824', '/10.250.15.67']"
